id,name,model_id,group_id/id,operation,domain
document_page_user,document.page user,document.page,document_knowledge.group_document_user,r,
document_page_editor,document.page editor,document.page,document_page.group_document_editor,cru,
document_page_manager,document.page manager,document.page,document_page.group_document_manager,crud,
document_page_rule,document_page multi-company,document.page,,crud,"['|',('company_id','=',False),('company_id', 'in', company_ids)]"
document_page_history_user,document.page.history user,document.page.history,document_knowledge.group_document_user,r,
document_page_history_editor,document.page.history editor,document.page.history,document_page.group_document_editor,cru,
document_page_history_rule,document_page_history multi-company,document.page.history,,crud,"['|',('company_id','=',False),('company_id', 'in', company_ids)]"
document_page_create_menu_wizard,document.page.create.menu wizard,document.page.create.menu,document_knowledge.group_document_user,cru,
document_page_history_show_diff_wizard,document.page.history.show_diff wizard,wizard.document.page.history.show_diff,document_knowledge.group_document_user,cru,
